,backend,bandwidth,beam,beam_rotation_angle,beam_semi_major_axis,beam_semi_minor_axis,bits_per_sample,centre_frequency,channel_bandwidth,circular_poln_frac,circular_poln_frac_error,circular_poln_frac_frmt,circular_poln_frac_frmt_err,count,dec,decj,dispersion_smearing,dm,dm_error,dm_frmt,dm_frmt_err,dm_index,dm_index_error,dm_index_frmt,dm_index_frmt_err,fluence,fluence_error_lower,fluence_error_upper,fluence_frmt,fluence_frmt_err_down,fluence_frmt_err_up,flux,flux_error_lower,flux_error_upper,flux_frmt,flux_frmt_err_down,flux_frmt_err_up,frb_name,gain,galactic_electron_model,gb,gl,linear_poln_frac,linear_poln_frac_error,linear_poln_frac_frmt,linear_poln_frac_frmt_err,mw_dm_limit,notes_author_x,notes_author_y,notes_last_modified_x,notes_last_modified_y,notes_note_x,notes_note_y,npol,o_data_link,pub_description,pub_link,pub_reference,pub_type,ra,raj,receiver,redshift_host,redshift_inferred,rm,rm_error,sampling_time,scattering,scattering_error,scattering_frmt,scattering_frmt_err,scattering_index,scattering_index_error,scattering_index_frmt,scattering_index_frmt_err,scattering_model,scattering_timescale,snr,snr_frmt,spectral_index,spectral_index_error,spectral_index_frmt,spectral_index_frmt_err,telescope,tsys,type,unnamed: 0,utc,width,width_error_lower,width_error_upper,width_frmt,width_frmt_err_down,width_frmt_err_up,rate,n_bursts,exposure
129,,400.0,1.0,0.0,30.0,30.0,,600.0,0.025,,,,,34,67.06641666666667,+67:03:59.1,,716.6,,716.6,,,,,,,,,,,,,,,,,,FRB180725.J0613+67,,NE2001,20.7587468628814,148.08751008184976,,,,,69.0,,,,,,,2.0,,First detection of fast radio bursts between 400 and 800 MHz by CHIME/FRB,http://www.astronomerstelegram.org/?read=11901,"Boyle et al., ATel 11901",Astronomers Telegram,93.22125,06:12:53.1,CHIME/FRB,,,,,1.0,,,,,,,,,,,19.4,19.4,,,,,chime,,one-off,129,2018-07-25 17:59:43.115,2.0,,,2.0,,,,,
141,,400.0,,0.0,,,,600.0,0.025,,,,,33,73.73333333333333,+73:44:00,,191.0,3.0,191.0,3.0,,,,,,,,,,,,,,,,,FRB180814.J0422+73,,NE2001,16.389693724503577,137.12032023529892,,,,,87.0,,,,,,,2.0,https://chime-frb-open-data.github.io/,A second source of repeating fast radio bursts,https://ui.adsabs.harvard.edu/abs/2019Natur.566..235C/abstract,Ng et al. 2019 Nature 566 235,peer-reviewed publication,65.5,04:22:00,CHIME/FRB,,,,,,,,,,,,,,,,11.0,11.0,,,,,chime,,repeater,141,2018-09-06 01:17:47.380,3.9,,,3.9,,,0.21428571428571427,3.0,14.0
142,,400.0,,0.0,,,,600.0,0.025,,,,,40,73.73333333333333,+73:44:00,,189.8,0.9,189.8,0.9,,,,,3.4,0.30000000000000004,0.30000000000000004,3.4,-0.3,0.3,,,,,,,FRB180814.J0422+73,,NE2001,16.389693724503577,137.12032023529892,,,,,87.0,,,,,,,2.0,https://chime-frb-open-data.github.io/,A second source of repeating fast radio bursts,https://ui.adsabs.harvard.edu/abs/2019Natur.566..235C/abstract,Ng et al. 2019 Nature 566 235,peer-reviewed publication,65.5,04:22:00,CHIME/FRB,,,,,0.983,,,,,,,,,,,12.0,12.0,,,,,chime,,repeater,142,2018-09-11 12:59:13.733,7.9,,,7.9,,,0.21428571428571427,3.0,14.0
152,,400.0,,90.0,11.0,7.0,,600.0,0.0244140625,,,,,46,65.73333333333333,65:44:00,,349.2,0.4,349.2,0.4,,,,,2.3,1.2,1.2,2.3,-1.2,1.2,,,,,,,FRB180916.J0158+65,,NE2001,3.6143252738210734,130.20644732719438,,,,,200.0,,,,,,,2.0,,CHIME/FRB Detection of Eight New Repeating Fast Radio Burst Sources,https://ui.adsabs.harvard.edu/abs/2019arXiv190803507A/abstract,CHIME/FRB Collaboration et al. 2019 ApJ Letters submitted,Peer reviewed publication,29.5,01:58:00,,,,-114.6,0.6000000000000001,1.0,,,,,,,,,,,0.0,0.0,,,,,chime,,repeater,152,2018-09-16 10:15:19.802,1.4,0.07,0.07,1.4,-0.07,0.07,0.43478260869565216,10.0,23.0
143,,400.0,,0.0,,,,600.0,0.025,,,,,40,73.73333333333333,+73:44:00,,189.5,0.1,189.5,0.1,,,,,66.0,31.0,31.0,66.0,-31.0,31.0,,,,,,,FRB180814.J0422+73,,NE2001,16.389693724503577,137.12032023529892,,,,,87.0,,,,,,,2.0,https://chime-frb-open-data.github.io/,A second source of repeating fast radio bursts,https://ui.adsabs.harvard.edu/abs/2019Natur.566..235C/abstract,Ng et al. 2019 Nature 566 235,peer-reviewed publication,65.5,04:22:00,CHIME/FRB,,,,,1.966,,,,,,,,,,,22.0,22.0,,,,,chime,,repeater,143,2018-09-17 00:46:35.359,63.0,,,63.0,,,0.21428571428571427,3.0,14.0
144,,400.0,,0.0,,,,600.0,0.025,,,,,40,73.73333333333333,+73:44:00,,190.0,0.1,190.0,0.1,,,,,12.0,6.0,6.0,12.0,-6.0,6.0,,,,,,,FRB180814.J0422+73,,NE2001,16.389693724503577,137.12032023529892,,,,,87.0,,,,,,,2.0,https://chime-frb-open-data.github.io/,A second source of repeating fast radio bursts,https://ui.adsabs.harvard.edu/abs/2019Natur.566..235C/abstract,Ng et al. 2019 Nature 566 235,peer-reviewed publication,65.5,04:22:00,CHIME/FRB,,,,,0.983,,,,,,,,,,,10.0,10.0,,,,,chime,,repeater,144,2018-09-19 12:36:09.141,16.0,,,16.0,,,0.21428571428571427,3.0,14.0
153,,400.0,,90.0,11.0,7.0,,600.0,0.0244140625,,,,,46,65.73333333333333,65:44:00,,349.0,0.6000000000000001,349.0,0.6,,,,,2.7,1.3,1.3,2.7,-1.3,1.3,,,,,,,FRB180916.J0158+65,,NE2001,3.6143252738210734,130.20644732719438,,,,,200.0,,,,,,,2.0,,CHIME/FRB Detection of Eight New Repeating Fast Radio Burst Sources,https://ui.adsabs.harvard.edu/abs/2019arXiv190803507A/abstract,CHIME/FRB Collaboration et al. 2019 ApJ Letters submitted,Peer reviewed publication,29.5,01:58:00,,,,-114.6,0.6000000000000001,1.0,,,,,,,,,,,0.0,0.0,,,,,chime,,repeater,153,2018-10-19 08:13:22.750,4.1,0.30000000000000004,0.30000000000000004,4.1,-0.3,0.3,0.43478260869565216,10.0,23.0
145,,400.0,,0.0,,,,600.0,0.025,,,,,34,73.73333333333333,+73:44:00,,188.9,0.5,188.9,0.5,,,,,,,,,,,,,,,,,FRB180814.J0422+73,,NE2001,16.389693724503577,137.12032023529892,,,,,87.0,,,,,,,2.0,https://chime-frb-open-data.github.io/,A second source of repeating fast radio bursts,https://ui.adsabs.harvard.edu/abs/2019Natur.566..235C/abstract,Ng et al. 2019 Nature 566 235,peer-reviewed publication,65.5,04:22:00,CHIME/FRB,,,,,0.32799999999999996,,,,,,,,,,,18.7,18.7,,,,,chime,,one-off,145,2018-10-28 10:12:31.477,42.0,,,42.0,,,0.21428571428571427,3.0,14.0
176,,400.0,,90.0,26.0,8.0,,600.0,0.0244140625,,,,,44,73.73333333333333,73:44:00,,103.5,0.30000000000000004,103.5,0.3,,,,,2.2,1.3,1.3,2.2,-1.3,1.3,,,,,,,FRB181030.J1054+73,,NE2001,40.71417615791355,134.77792268231858,,,,,40.0,,,,,,,2.0,,CHIME/FRB Detection of Eight New Repeating Fast Radio Burst Sources,https://ui.adsabs.harvard.edu/abs/2019arXiv190803507A/abstract,CHIME/FRB Collaboration et al. 2019 ApJ Letters submitted,Peer reviewed publication,163.5,10:54:00,,,,,,1.0,,,,,,,,,,,0.0,0.0,,,,,chime,,one-off,176,2018-10-30 04:16:21.654,1.43,0.08,0.08,1.43,-0.08,0.08,0.08695652173913043,2.0,23.0
154,,400.0,,90.0,11.0,7.0,,600.0,0.0244140625,,,,,46,65.73333333333333,65:44:00,,349.5,0.30000000000000004,349.5,0.3,,,,,2.5,1.2,1.2,2.5,-1.2,1.2,,,,,,,FRB180916.J0158+65,,NE2001,3.6143252738210734,130.20644732719438,,,,,200.0,,,,,,,2.0,,CHIME/FRB Detection of Eight New Repeating Fast Radio Burst Sources,https://ui.adsabs.harvard.edu/abs/2019arXiv190803507A/abstract,CHIME/FRB Collaboration et al. 2019 ApJ Letters submitted,Peer reviewed publication,29.5,01:58:00,,,,-114.6,0.6000000000000001,1.0,,,,,,,,,,,0.0,0.0,,,,,chime,,repeater,154,2018-11-04 06:57:18.585,1.37,0.07,0.07,1.37,-0.07,0.07,0.43478260869565216,10.0,23.0
155,,400.0,,90.0,11.0,7.0,,600.0,0.0244140625,,,,,46,65.73333333333333,65:44:00,,349.6,0.2,349.6,0.2,,,,,2.0,1.0,1.0,2.0,-1.0,1.0,,,,,,,FRB180916.J0158+65,,NE2001,3.6143252738210734,130.20644732719438,,,,,200.0,,,,,,,2.0,,CHIME/FRB Detection of Eight New Repeating Fast Radio Burst Sources,https://ui.adsabs.harvard.edu/abs/2019arXiv190803507A/abstract,CHIME/FRB Collaboration et al. 2019 ApJ Letters submitted,Peer reviewed publication,29.5,01:58:00,,,,-114.6,0.6000000000000001,1.0,,,,,,,,,,,0.0,0.0,,,,,chime,,repeater,155,2018-11-04 07:07:01.591,6.3,1.1,1.1,6.3,-1.1,1.1,0.43478260869565216,10.0,23.0
178,,400.0,,90.0,9.0,3.0,,600.0,0.0244140625,,,,,44,65.13333333333334,65:08:00,,364.2,1.0,364.2,1.0,,,,,1.8,0.8,0.8,1.8,-0.8,0.8,,,,,,,FRB181119.J12+65,,NE2001,51.925887860564934,126.39240972730633,,,,,34.0,,,,,,,2.0,,CHIME/FRB Detection of Eight New Repeating Fast Radio Burst Sources,https://ui.adsabs.harvard.edu/abs/2019arXiv190803507A/abstract,CHIME/FRB Collaboration et al. 2019 ApJ Letters submitted,Peer reviewed publication,190.5,12:42:00,,,,,,1.0,,,,,,,,,,,0.0,0.0,,,,,chime,,repeater,178,2018-11-19 16:49:03.191,6.3,0.6000000000000001,0.6000000000000001,6.3,-0.6,0.6,0.15789473684210525,3.0,19.0
182,,400.0,,90.0,12.0,11.0,,600.0,0.0244140625,,,,,44,63.38333333333333,63:23:00,,450.8,0.30000000000000004,450.8,0.3,,,,,2.5,1.2,1.2,2.5,-1.2,1.2,,,,,,,FRB181128.J0456+63,,NE2001,11.983792276632393,147.2729505856719,,,,,112.0,,,,,,,2.0,,CHIME/FRB Detection of Eight New Repeating Fast Radio Burst Sources,https://ui.adsabs.harvard.edu/abs/2019arXiv190803507A/abstract,CHIME/FRB Collaboration et al. 2019 ApJ Letters submitted,Peer reviewed publication,74.0,04:56:00,,,,,,1.0,,,,,,,,,,,0.0,0.0,,,,,chime,,one-off,182,2018-12-19 07:04:41.678,5.5,0.7000000000000001,0.7000000000000001,5.5,-0.7,0.7,0.125,2.0,16.0
157,,400.0,,90.0,11.0,7.0,,600.0,0.0244140625,,,,,46,65.73333333333333,65:44:00,,349.1,0.1,349.1,0.1,,,,,27.0,12.0,12.0,27.0,-12.0,12.0,,,,,,,FRB180916.J0158+65,,NE2001,3.6143252738210734,130.20644732719438,,,,,200.0,,,,,,,2.0,,CHIME/FRB Detection of Eight New Repeating Fast Radio Burst Sources,https://ui.adsabs.harvard.edu/abs/2019arXiv190803507A/abstract,CHIME/FRB Collaboration et al. 2019 ApJ Letters submitted,Peer reviewed publication,29.5,01:58:00,,,,-114.6,0.6000000000000001,1.0,,,,,,,,,,,0.0,0.0,,,,,chime,,repeater,157,2018-12-22 03:59:23.208,4.95,0.04,0.04,4.95,-0.04,0.04,0.43478260869565216,10.0,23.0
158,,400.0,,90.0,11.0,7.0,,600.0,0.0244140625,,,,,46,65.73333333333333,65:44:00,,349.7,0.7000000000000001,349.7,0.7,,,,,8.1,3.8,3.8,8.1,-3.8,3.8,,,,,,,FRB180916.J0158+65,,NE2001,3.6143252738210734,130.20644732719438,,,,,200.0,,,,,,,2.0,,CHIME/FRB Detection of Eight New Repeating Fast Radio Burst Sources,https://ui.adsabs.harvard.edu/abs/2019arXiv190803507A/abstract,CHIME/FRB Collaboration et al. 2019 ApJ Letters submitted,Peer reviewed publication,29.5,01:58:00,,,,-114.6,0.6000000000000001,1.0,,,,,,,,,,,0.0,0.0,,,,,chime,,repeater,158,2018-12-23 03:51:28.960,1.06,0.05,0.05,1.06,-0.05,0.05,0.43478260869565216,10.0,23.0
159,,400.0,,90.0,11.0,7.0,,600.0,0.0244140625,,,,,46,65.73333333333333,65:44:00,,348.9,0.7000000000000001,348.9,0.7,,,,,1.9,0.9,0.9,1.9,-0.9,0.9,,,,,,,FRB180916.J0158+65,,NE2001,3.6143252738210734,130.20644732719438,,,,,200.0,,,,,,,2.0,,CHIME/FRB Detection of Eight New Repeating Fast Radio Burst Sources,https://ui.adsabs.harvard.edu/abs/2019arXiv190803507A/abstract,CHIME/FRB Collaboration et al. 2019 ApJ Letters submitted,Peer reviewed publication,29.5,01:58:00,,,,-114.6,0.6000000000000001,1.0,,,,,,,,,,,0.0,0.0,,,,,chime,,repeater,159,2018-12-25 03:53:03.926,1.3,0.30000000000000004,0.30000000000000004,1.3,-0.3,0.3,0.43478260869565216,10.0,23.0
160,,400.0,,90.0,11.0,7.0,,600.0,0.0244140625,,,,,46,65.73333333333333,65:44:00,,348.8,0.2,348.8,0.2,,,,,3.8,1.8,1.8,3.8,-1.8,1.8,,,,,,,FRB180916.J0158+65,,NE2001,3.6143252738210734,130.20644732719438,,,,,200.0,,,,,,,2.0,,CHIME/FRB Detection of Eight New Repeating Fast Radio Burst Sources,https://ui.adsabs.harvard.edu/abs/2019arXiv190803507A/abstract,CHIME/FRB Collaboration et al. 2019 ApJ Letters submitted,Peer reviewed publication,29.5,01:58:00,,,,-114.6,0.6000000000000001,1.0,,,,,,,,,,,0.0,0.0,,,,,chime,,repeater,160,2018-12-26 03:43:30.107,0.87,0.03,0.03,0.87,-0.03,0.03,0.43478260869565216,10.0,23.0
189,,400.0,,90.0,14.0,8.0,,600.0,0.0244140625,,,,,44,27.15,27:09:00,,443.6,0.8,443.6,0.8,,,,,2.8,1.4,1.4,2.8,-1.4,1.4,,,,,,,FRB190116.J1249+27,,NE2001,88.34510075767315,-147.24511267421857,,,,,20.0,,,,,,,2.0,,CHIME/FRB Detection of Eight New Repeating Fast Radio Burst Sources,https://ui.adsabs.harvard.edu/abs/2019arXiv190803507A/abstract,CHIME/FRB Collaboration et al. 2019 ApJ Letters submitted,Peer reviewed publication,192.25,12:49:00,,,,,,1.0,,,,,,,,,,,0.0,0.0,,,,,chime,,one-off,189,2019-01-16 13:08:20.412,1.5,0.30000000000000004,0.30000000000000004,1.5,-0.3,0.3,0.25,2.0,8.0
190,,400.0,,90.0,15.0,8.0,,600.0,0.0244140625,,,,,46,17.383333333333333,+17:23:00,,393.3,0.1,393.3,0.1,,,,,5.9,1.6,1.6,5.9,-1.6,1.6,1.7000000000000002,0.6000000000000001,0.6000000000000001,1.7,-0.6,0.6,FRB190117.J2207+17,,NE2001,-29.430870910480962,76.34665423579123,,,,,48.0,,,,,,,2.0,,,,,,331.75,22:07:00,,,,,,0.98304,,,,,,,,,,,0.0,0.0,,,,,chime,,repeater,190,2019-01-17 22:18:26.466,1.44,0.03,0.03,1.44,-0.03,0.03,0.2631578947368421,5.0,19.0
161,,400.0,,90.0,11.0,7.0,,600.0,0.0244140625,,,,,46,65.73333333333333,65:44:00,,349.8,0.5,349.8,0.5,,,,,2.0,1.0,1.0,2.0,-1.0,1.0,,,,,,,FRB180916.J0158+65,,NE2001,3.6143252738210734,130.20644732719438,,,,,200.0,,,,,,,2.0,,CHIME/FRB Detection of Eight New Repeating Fast Radio Burst Sources,https://ui.adsabs.harvard.edu/abs/2019arXiv190803507A/abstract,CHIME/FRB Collaboration et al. 2019 ApJ Letters submitted,Peer reviewed publication,29.5,01:58:00,,,,-114.6,0.6000000000000001,1.0,,,,,,,,,,,0.0,0.0,,,,,chime,,one-off,161,2019-01-26 01:32:45.328,2.53,0.13,0.13,2.53,-0.13,0.13,0.43478260869565216,10.0,23.0
195,,400.0,,90.0,15.0,14.0,,600.0,0.0244140625,,,,,46,46.96666666666667,+46:58:00,,579.9,0.2,579.9,0.2,,,,,1.4,0.6000000000000001,0.6000000000000001,1.4,-0.6,0.6,0.4,0.2,0.2,0.4,-0.2,0.2,FRB190208.J1855+46,,NE2001,19.701213667451256,77.476463999709,,,,,72.0,,,,,,,2.0,,,,,,283.75,18:55:00,,,,,,0.98304,,,,,,,,,,,0.0,0.0,,,,,chime,,repeater,195,2019-02-08 17:41:42.300,0.91,0.16,0.16,0.91,-0.16,0.16,0.1,2.0,20.0
198,,400.0,,90.0,16.0,8.0,,600.0,0.0244140625,,,,,44,77.66666666666667,77:40:00,,425.2,0.5,425.2,0.5,,,,,0.5,0.30000000000000004,0.30000000000000004,0.5,-0.3,0.3,,,,,,,FRB190209.J0937+77,,NE2001,34.61165918392033,135.3755282254331,,,,,46.0,,,,,,,2.0,,CHIME/FRB Detection of Eight New Repeating Fast Radio Burst Sources,https://ui.adsabs.harvard.edu/abs/2019arXiv190803507A/abstract,CHIME/FRB Collaboration et al. 2019 ApJ Letters submitted,Peer reviewed publication,144.25,09:37:00,,,,,,1.0,,,,,,,,,,,0.0,0.0,,,,,chime,,one-off,198,2019-02-10 08:17:13.907,9.4,1.4,1.4,9.4,-1.4,1.4,0.06451612903225806,2.0,31.0
199,,400.0,,90.0,20.0,16.0,,600.0,0.0244140625,,,,,40,20.066666666666666,+20:04:00,,651.1,0.4,651.1,0.4,,,,,0.6000000000000001,0.30000000000000004,0.30000000000000004,0.6,-0.3,0.3,,,,,,,FRB190212.J02+20,,NE2001,-39.204399877989545,147.66287990007547,,,,,43.0,,,,,,,2.0,,,,,,33.5,02:14:00,,,,,,0.98304,,,,,,,,,,,0.0,0.0,,,,,chime,,repeater,199,2019-02-12 00:42:17.295,10.0,2.0,2.0,10.0,-2.0,2.0,0.11764705882352941,2.0,17.0
172,,400.0,,0.0,15.0,10.0,,600.0,0.0244140625,,,,,46,81.43333333333334,+81:26:00,,301.7,0.30000000000000004,301.7,0.3,,,,,3.0,1.5,1.5,3.0,-1.5,1.5,0.4,0.30000000000000004,0.30000000000000004,0.4,-0.3,0.3,FRB181017.J18+81,,NE2001,28.00819710836724,114.31662035342995,,,,,49.0,,,,,,,2.0,,,,,,276.0,18:24:00,,,,,,0.98304,,,,,,,,,,,0.0,0.0,,,,,chime,,repeater,172,2019-02-12 16:17:19.174,4.1,1.6,1.6,4.1,-1.6,1.6,0.028037383177570093,3.0,107.0
171,,400.0,,0.0,12.0,12.0,,600.0,0.0244140625,,,,,44,68.28333333333333,68:17:00,,1281.0,0.6000000000000001,1281.0,0.6,,,,,16.0,5.0,5.0,16.0,-5.0,5.0,,,,,,,FRB181017.J1705+68,,NE2001,35.275519773285275,100.30964068179398,,,,,43.0,,,,,,,2.0,,CHIME/FRB Detection of Eight New Repeating Fast Radio Burst Sources,https://ui.adsabs.harvard.edu/abs/2019arXiv190803507A/abstract,CHIME/FRB Collaboration et al. 2019 ApJ Letters submitted,Peer reviewed publication,256.25,17:05:00,,,,,,1.0,,,,,,,,,,,0.0,0.0,,,,,chime,,one-off,171,2019-02-16 15:26:58.029,20.2,1.7000000000000002,1.7000000000000002,20.2,-1.7,1.7,0.1,2.0,20.0
202,,400.0,,90.0,11.0,10.0,,600.0,0.0244140625,,,,,44,69.83333333333333,69:50:00,,459.8,0.4,459.8,0.4,,,,,3.4,1.3,1.3,3.4,-1.3,1.3,,,,,,,FRB190222.J2052+69,,NE2001,16.24769518557987,105.60723520790452,,,,,87.0,,,,,,,2.0,,CHIME/FRB Detection of Eight New Repeating Fast Radio Burst Sources,https://ui.adsabs.harvard.edu/abs/2019arXiv190803507A/abstract,CHIME/FRB Collaboration et al. 2019 ApJ Letters submitted,Peer reviewed publication,313.0,20:52:00,,,,,,1.0,,,,,,,,,,,0.0,0.0,,,,,chime,,one-off,202,2019-03-01 18:03:02.479,2.44,0.8,0.8,2.44,-0.8,0.8,0.1,2.0,20.0
185,,400.0,,90.0,15.0,14.0,,600.0,0.0244140625,,,,,46,48.25,+48:15:00,,221.8,0.5,221.8,0.5,,,,,2.3,0.9,0.9,2.3,-0.9,0.9,0.5,0.30000000000000004,0.30000000000000004,0.5,-0.3,0.3,FRB190110.J1353+48,,NE2001,66.18584789451403,100.17305567776108,,,,,29.0,,,,,,,2.0,,,,,,208.25,13:53:00,,,,,,0.98304,,,,,,,,,,,0.0,0.0,,,,,chime,,repeater,185,2019-03-03 11:05:13.695,2.0,0.30000000000000004,0.30000000000000004,2.0,-0.3,0.3,0.13043478260869565,3.0,23.0
180,,400.0,,90.0,9.0,3.0,,600.0,0.0244140625,,,,,44,65.13333333333334,65:08:00,,364.2,0.6000000000000001,364.2,0.6,,,,,1.0,0.5,0.5,1.0,-0.5,0.5,,,,,,,FRB181119.J12+65,,NE2001,51.925887860564934,126.39240972730633,,,,,34.0,,,,,,,2.0,,CHIME/FRB Detection of Eight New Repeating Fast Radio Burst Sources,https://ui.adsabs.harvard.edu/abs/2019arXiv190803507A/abstract,CHIME/FRB Collaboration et al. 2019 ApJ Letters submitted,Peer reviewed publication,190.5,12:42:00,,,,,,1.0,,,,,,,,,,,0.0,0.0,,,,,chime,,one-off,180,2019-03-13 09:21:46.725,1.5,0.2,0.2,1.5,-0.2,0.2,0.15789473684210525,3.0,19.0
204,,400.0,,90.0,16.0,13.0,,600.0,0.0244140625,,,,,46,59.4,+59:24:00,,1378.1,0.2,1378.1,0.2,,,,,4.4,0.8,0.8,4.4,-0.8,0.8,0.5,0.2,0.2,0.5,-0.2,0.2,FRB190417.J1939+59,,NE2001,17.988866298065897,92.19632901635147,,,,,78.0,,,,,,,2.0,,,,,,294.75,19:39:00,,,,,,0.98304,,,,,,,,,,,0.0,0.0,,,,,chime,,repeater,204,2019-04-17 13:55:44.814,3.3,0.9,0.9,3.3,-0.9,0.9,0.10344827586206896,3.0,29.0
186,,400.0,,90.0,15.0,14.0,,600.0,0.0244140625,,,,,46,48.25,+48:15:00,,223.5,0.30000000000000004,223.5,0.3,,,,,2.0,0.5,0.5,2.0,-0.5,0.5,0.4,0.2,0.2,0.4,-0.2,0.2,FRB190110.J1353+48,,NE2001,66.18584789451403,100.17305567776108,,,,,29.0,,,,,,,2.0,,,,,,208.25,13:53:00,,,,,,0.98304,,,,,,,,,,,0.0,0.0,,,,,chime,,repeater,186,2019-04-21 08:00:07.261,3.1,0.30000000000000004,0.30000000000000004,3.1,-0.3,0.3,0.13043478260869565,3.0,23.0
174,,400.0,,0.0,15.0,10.0,,600.0,0.0244140625,,,,,28,81.43333333333334,+81:26:00,,0.0,,0.0,,,,,,,,,,,,,,,,,,FRB181017.J18+81,,NE2001,28.00819710836724,114.31662035342995,,,,,49.0,,,,,,,2.0,,,,,,276.0,18:24:00,,,,,,0.98304,,,,,,,,,,,0.0,0.0,,,,,chime,,one-off,174,2019-05-16 00:00:00.000,0.0,,,0.0,,,0.028037383177570093,3.0,107.0
209,,400.0,,90.0,11.0,10.0,,600.0,0.0244140625,,,,,46,53.28333333333333,+53:17:00,,552.7,0.2,552.7,0.2,,,,,1.7000000000000002,0.7000000000000001,0.7000000000000001,1.7,-0.7,0.7,0.6000000000000001,0.30000000000000004,0.30000000000000004,0.6,-0.3,0.3,FRB190604.J1435+53,,NE2001,58.119691335636645,95.7707573840207,,,,,32.0,,,,,,,2.0,,,,,,218.75,14:35:00,,,,,,0.98304,,,,,,,,,,,0.0,0.0,,,,,chime,,one-off,209,2019-06-06 05:34:23.574,1.2,0.5,0.5,1.2,-0.5,0.5,0.06666666666666667,2.0,30.0
149,,400.0,,90.0,19.0,17.0,,600.0,0.0244140625,,,,,46,74.2,+74:12:00,,195.7,0.9,195.7,0.9,,,,,1.1,0.30000000000000004,0.30000000000000004,1.1,-0.3,0.3,0.4,0.2,0.2,0.4,-0.2,0.2,FRB180908.J1232+74,,NE2001,42.820644485730234,126.19622856107308,,,,,38.0,,,,,,,2.0,,,,,,188.0,12:32:00,,,,,,0.98304,,,,,,,,,,,0.0,0.0,,,,,chime,,repeater,149,2019-06-21 02:21:21.113,2.8,0.30000000000000004,0.30000000000000004,2.8,-0.3,0.3,0.0898876404494382,4.0,44.5
191,,400.0,,90.0,15.0,8.0,,600.0,0.0244140625,,,,,42,17.383333333333333,+17:23:00,,392.6,0.6000000000000001,392.6,0.6,,,,,6.7,1.3,1.3,6.7,-1.3,1.3,0.6000000000000001,0.2,0.2,0.6,-0.2,0.2,FRB190117.J2207+17,,NE2001,-29.430870910480962,76.34665423579123,,,,,48.0,,,,,,,2.0,,,,,,331.75,22:07:00,,,,,,0.98304,,,,,,,,,,,0.0,0.0,,,,,chime,,repeater,191,2019-06-30 11:34:38.873,1.3,,,1.3,,,0.2631578947368421,5.0,19.0
150,,400.0,,90.0,19.0,17.0,,600.0,0.0244140625,,,,,46,74.2,+74:12:00,,195.4,0.4,195.4,0.4,,,,,1.4,0.6000000000000001,0.6000000000000001,1.4,-0.6,0.6,0.5,0.4,0.4,0.5,-0.4,0.4,FRB180908.J1232+74,,NE2001,42.820644485730234,126.19622856107308,,,,,38.0,,,,,,,2.0,,,,,,188.0,12:32:00,,,,,,0.98304,,,,,,,,,,,0.0,0.0,,,,,chime,,repeater,150,2019-07-02 01:58:11.866,1.6,0.30000000000000004,0.30000000000000004,1.6,-0.3,0.3,0.0898876404494382,4.0,44.5
151,,400.0,,90.0,19.0,17.0,,600.0,0.0244140625,,,,,40,74.2,+74:12:00,,196.1,0.8,196.1,0.8,,,,,2.9,1.8,1.8,2.9,-1.8,1.8,,,,,,,FRB180908.J1232+74,,NE2001,42.820644485730234,126.19622856107308,,,,,38.0,,,,,,,2.0,,,,,,188.0,12:32:00,,,,,,0.98304,,,,,,,,,,,0.0,0.0,,,,,chime,,one-off,151,2019-07-18 01:11:20.056,9.0,2.0,2.0,9.0,-2.0,2.0,0.0898876404494382,4.0,44.5
205,,400.0,,90.0,16.0,13.0,,600.0,0.0244140625,,,,,46,59.4,+59:24:00,,1379.0,1.0,1379.0,1.0,,,,,3.2,0.7000000000000001,0.7000000000000001,3.2,-0.7,0.7,0.4,0.2,0.2,0.4,-0.2,0.2,FRB190417.J1939+59,,NE2001,17.988866298065897,92.19632901635147,,,,,78.0,,,,,,,2.0,,,,,,294.75,19:39:00,,,,,,0.98304,,,,,,,,,,,0.0,0.0,,,,,chime,,repeater,205,2019-08-06 06:36:49.674,9.0,3.0,3.0,9.0,-3.0,3.0,0.10344827586206896,3.0,29.0
192,,400.0,,90.0,15.0,8.0,,600.0,0.0244140625,,,,,46,17.383333333333333,+17:23:00,,392.9,0.2,392.9,0.2,,,,,5.0,1.4,1.4,5.0,-1.4,1.4,0.7000000000000001,0.30000000000000004,0.30000000000000004,0.7,-0.3,0.3,FRB190117.J2207+17,,NE2001,-29.430870910480962,76.34665423579123,,,,,48.0,,,,,,,2.0,,,,,,331.75,22:07:00,,,,,,0.98304,,,,,,,,,,,0.0,0.0,,,,,chime,,repeater,192,2019-08-10 08:52:24.060,3.2,0.30000000000000004,0.30000000000000004,3.2,-0.3,0.3,0.2631578947368421,5.0,19.0
193,,400.0,,90.0,15.0,8.0,,600.0,0.0244140625,,,,,46,17.383333333333333,+17:23:00,,395.1,0.2,395.1,0.2,,,,,9.1,2.2,2.2,9.1,-2.2,2.2,1.4,0.4,0.4,1.4,-0.4,0.4,FRB190117.J2207+17,,NE2001,-29.430870910480962,76.34665423579123,,,,,48.0,,,,,,,2.0,,,,,,331.75,22:07:00,,,,,,0.98304,,,,,,,,,,,0.0,0.0,,,,,chime,,repeater,193,2019-08-15 08:33:46.599,2.56,0.13,0.13,2.56,-0.13,0.13,0.2631578947368421,5.0,19.0
213,,400.0,,90.0,14.0,11.0,,600.0,0.0244140625,,,,,46,46.266666666666666,+46:16:00,,309.5,0.30000000000000004,309.5,0.3,,,,,0.9,0.4,0.4,0.9,-0.4,0.4,0.4,0.2,0.2,0.4,-0.2,0.2,FRB190907.J08+46,,NE2001,31.401728357299906,174.2564701295355,,,,,53.0,,,,,,,2.0,,,,,,122.25,08:09:00,,,,,,0.98304,,,,,,,,,,,0.0,0.0,,,,,chime,,repeater,213,2019-09-15 16:27:36.856,0.54,0.14,0.14,0.54,-0.14,0.14,0.13043478260869565,3.0,23.0
214,,400.0,,90.0,14.0,11.0,,600.0,0.0244140625,,,,,46,46.266666666666666,+46:16:00,,309.5,0.2,309.5,0.2,,,,,0.7000000000000001,0.2,0.2,0.7,-0.2,0.2,0.2,0.1,0.1,0.2,-0.1,0.1,FRB190907.J08+46,,NE2001,31.401728357299906,174.2564701295355,,,,,53.0,,,,,,,2.0,,,,,,122.25,08:09:00,,,,,,0.98304,,,,,,,,,,,0.0,0.0,,,,,chime,,one-off,214,2019-09-25 15:54:06.438,3.0,0.8,0.8,3.0,-0.8,0.8,0.13043478260869565,3.0,23.0
